Date,Name,Tweets
1 mar.,Andrés Hermosa,Asociaciones de vecinos y otros colectivos afectados convocan una gran concentración contra el sistema del #MetroTUS http://www.eldiario.es/_2c6e4deb  #plataformitispic.twitter.com/ia08gp2Jd8
1 mar.,....sinisterkid....,"la cosa es, ahora van y quitan #MetroTUS no? Y van 7 millones de euros a la pu** basura, y quién ha pagado ese dineral, nosotros. En un par de años tenéis otra oportunidad en las urnas, vosotros mismos..."
1 mar.,eva alonso,"Tenia que estar en el intercambiador Valdecilla ahora mismo la alcaldesa,para sentirse como nosotros conel frío y el agua que va.Gracias Gema #metroTUS"
1 mar.,CiberIsthar,#Santander #MetroTUS @gemaigual te van a pitar los oídos cada vez que me moje tanto en llegar al bus que me lleva a casa como si fuera andando! 
1 mar.,Anonymous,"Este sábado 3 de marzo la Asamblea Ciudadana ha convocado una concentración a las doce en la plaza del ayuntamiento de Santander para exigir una solución al problema del transporte urbano en la ciudad, 
El #metroTUS en lugar de solucionar el problema lo ha empeorado. pic.twitter.com/hqMoPpdS3M"
1 mar.,CiberIsthar,"#MetroTUS #Santander autobuses petados otro día de lluvia, pero no el súper LC.. casi vacío que no lleva a los barrios. @gemaigual quién quiere hacer trasbordos una noche como ésta??pic.twitter.com/XjvrYbM0aE"
1 mar.,Lucía,Tendría yo hoy al que lo ideó 15 minutitos esperando al autobús. A ver qué tal. #metroTUS
1 mar.,Lucía,"¡Qué gran maravilla el Intercambiador del #metroTus! Todo open-concept, lo que se lleva."
1 mar.,El Faradio,Los pasajeros del #MetroTUS prefieren las líneas sin trasbordo http://bit.ly/2FbSn6p 
1 mar.,Mesas de Movilidad,"@gemaigual  tienes contenta a la gente de la 18, 9, 20, etc. deberías subirte en estas líneas, y en todas, y verás que lindezas se escuchan #Metrotus #GamonalMetroTus"
1 mar.,Mesas de Movilidad,"@gemaigual nos veremos el sábado a las 12:00 en nuestro Ayuntamiento de #Santander con los ciudadanos, que te mostrarán su cariño con tu experimento #MetroTus #GamonalMetroTuspic.twitter.com/k7W3Mt8otk"
1 mar.,UP Cantabria,. @gemaigual escucha .... no queremos el caos del #Metrotus !!! https://twitter.com/SMetrotus/status/969252946742534144 …
1 mar.,Smart(?) MetroTus,Los vecinos de Santander se han cansado de esperar. Piden quitarme de en medio y soluciones a este desorden. #HayQueIr #MetroTUS pic.twitter.com/P3SF6GFhA8
1 mar.,David R. Santayana,"Tras esperar 20m al 1 y que llegarán juntos el 1 y dos 2, he tardado 50m en ir de El Alisal a la UC (5km) lo mismo que andando #metrotus @gemaigual no tienes vergüenza"
1 mar.,Javier Trueba,"#tussantander #MetroTUS @movilidad_cant @gemaigual Hoy he descubierto que Santander no tiene un solo metrotus. Tiene 3!! La línea central nueva, la línea 1-2, y la línea 11-12."
1 mar.,Teiba FM,"https://www.ivoox.com/24145114  #ElPrimerCafé #1marzo 
@manuandoni pte. Federación #Cantabria #Taxi sobre #MetroTUS + 
Gabriela Viadero por El #cine al servicio de la #nación de @marcialpons con #presentación hoy en @AteneoSantander pic.twitter.com/m4OfG8TFsq"
Date,Name,Tweets
Date,Name,Tweets
Date,Name,Tweets
1 feb.,Laro García González,"Echando un ojo al estreno del #MetroTUS en Santander, me parece que la pestaña de menciones de la alcaldesa tiene que estar calentita... Al PP le va a costar más votos esta ocurrencia que las múltiples pifias de toda la legislatura."
1 feb.,Bruno Cendón,Para el nuevo #MetroTUS de Santander se han currado un Kandinsky curioso...  pic.twitter.com/XOrC74C0uB
1 feb.,Ola Cantabria en Santander," Desde @Ola_Santander solo podemos calificar la puesta en marcha del #MetroTUS como auténticos caos

Problemas con los autobuses, con el tráfico, con el sistema de información de líneas y la no existencia de aplicación oficial es algo inaceptable en esta ""#SmartCity""https://twitter.com/OlaCantabria/status/959142701194194945 …"
1 feb.,Anonymous,"Antiguas líneas útiles ahora mutiladas, falta de coordinación, buses que no funcionan en el día de su estreno oficial, retrasos, obligación de trasbordos absurdos, meses de obras que dan como resultado una ineficiencia total... Todo se arregla con un nombre rimbombante. #MetroTUS"
1 feb.,Cristina del Rivero,#MetroTUS  para una ciudad como Santander lo único que hace falta es que las líneas tengan más frecuencia no el metrotus.
1 feb.,Anonymous,«Pues esto tampoco era pa' tanto». #MetroTUS #Santander #SDRpic.twitter.com/QOuRkO2lK5
1 feb.,PabloDvs,"De tardar unos 30 minutos a tardar más de una hora para ir a casa, gracias a #MetroTUS... Os habéis lucido @gemaigual"
1 feb.,Sergio Blanco,Alguien puede explicarme por qué para bajar a Santander desde Peñacastillo en un bus con frecuencia de 15 minutos (al menos así se vendió en su día) entre las 9:08 y las 9:38 hay que esperar media hora?? Esa frecuencia la teníamos solo los fines de semana #MetroTUS avance pic.twitter.com/kZMf8l1ydX
1 feb.,Manuel Cobo,"No te deseo nada malo, pero ojalá tengas que coger un bus en Santander. #MetroTUS #Santander #SDR"
1 feb.,Tomás Ortiz,Pero si coges el Bus como siempre y se supone que intercambias para ir más rápido y tienes que esperar 10’ al #MetroTUS no le veo el sentido..si es para ahorrar tiempo o para perder tiempo..
1 feb.,PSOE Santander,".@pedro_casares: #metroTUS es un proyecto que ha costado 7 millones de euros, está generando problemas en el tráfico y ha suprimido aparcamientos, sin dar alternativas pic.twitter.com/Wk7jIBcNoH"
1 feb.,PSOE Santander,.@pedro_casares considera que en en primer día del #metroTUS los santanderinos se quejan de falta de información. Hay incertidumbre y dudas de cómo funcionará @copecantabria pic.twitter.com/SaycvoM11n
1 feb.,Carlos Sopeña,"Por cierto, que me pregunto cómo va a ser circular en bici por las avenidas del centro con el #MetroTUS silbándonos por la derecha y los coches esquivándonos por la izquierda."
1 feb.,eldiariomontanes.es,"#MetroTUS Las puertas traseras de uno de los autobuses de la línea central no se cerraban. Tras 20 minutos de espera, tuvieron que 'tirar' de vehículo de sustitución  http://www.eldiariomontanes.es/santander/veinte-minutos-averia-20180201120312-nt.html …"
1 feb.,Anonymous,Perdón ¿esto del #metroTUS de quien ha sido idea? Seguro que del mismo que propuso cambiar las farolas a LED #santander no te reconozco  @Postureo_CANT @gemaigual que desastre de líneas de autobús! Que necesidad había!! Somos una ciudad PEQUEÑA con una única arteria principal!
1 feb.,Francisco Díez,"Hoy comienza una nueva era apocalíptica, hoy comienza el #MetroTUS Suerte humanos santanderinos
#Santander"
1 feb.,Anonymous,"Estelar estreno del #MetroTus en #Santander | Bus roto, 20 minutos tarde... | Lo que antes hacia en 15 minutos hoy he tardado 35...pic.twitter.com/f3UMc3crJX"
1 feb.,Elena Rigby,"Primer día del #metroTUS: no coincide la info de la app con la de los paneles,espera de casi 15 minutos para hacer trasbordo, avería de un autobús... Al final, 45 minutos para ir de Valdenoja al centro, un trayecto que en hora punta se hacía en 20. @gemaigual.
Foto: bus averiado.pic.twitter.com/HHX9X1ySZN"
1 feb.,Quique Gordaliza,"Hoy se inaugura el #metroTUS en Santander. ¿Dónde está TUSO, @gemaigual ?pic.twitter.com/VTTk753jjz"
1 feb.,Ana,Primer día: salgo antes de casa llego mas tarde. Gracias. #MetroTUS
1 feb.,Anonymous,"MENOS MAL que en los propios buses tienen folletos que ayudan a los usuarios a entender el funcionamiento del #MetroTUS. A Dios gracias, porque si no... 

El meme crece cada vez más. #Santander #SDRpic.twitter.com/xRO9DtLPzv"
1 feb.,Sybil Ren,Os va a llamar Pablo Motos para que le expliquéis el proyecto al resto de España y nos podamos reír todos juntos. #MetroTUS
1 feb.,Yo mismo.,¿Lo del plano de las líneas del #MetroTus es para que nos pensemos que en Santander tenemos de verdad un metro y no unas líneas de toda la vida de autobús? Lo veo y lo primero que pienso es que vaya SANTA #CosmoPaletada
1 feb.,leti lo,Simplemente NO era necesario #MetroTUS #absurdo #atascos
1 feb.,Pablo Cantabria,¿Por qué no va el 7 a la Universidad por el túnel también a mediodía y por la tarde como hacía el 3 antes? Ahora en el 7 solo se puede ir a la Universidad de forma rápida por la mañana. El resto de horas vuelta por el Sardinero. @gemaigual #metrotus
1 feb.,Eugenia Renedo,"Pues ya he estrenado la nueva línea central del #metroTUS 
Se agradece que haya informadores en el intercambiador estos primeros días de confusión"
1 feb.,Álvaro Rodríguez,Una súper línea de #MetroTUS que para en un sentido de una calle pero justo en la parada de enfrente no. Casimiro Sainz  #Santander
1 feb.,eldiariomontanes.es,La alcaldesa de #santander ha hecho balance del primer día del #MetroTUS http://www.eldiariomontanes.es/santander/gema-igual-pequena-20180201131204-nt.html …
1 feb.,Tomás Ortiz,Mi sobrina hoy a cuenta del #MetroTUS ha llegado 15’ tarde a clase...
1 feb.,Carlos Sopeña,"Todo lo que oigo y leo sobre el #MetroTUS parece tan desastroso que, a pesar del aguacero, he preferido venir al trabajo en bici. Mejor llegar calado que al borde de un ataque de nervios."
1 feb.,Emilio_RRC,"Oye Gema same (o @gemaigual sin google translator) ya que al parecer el #metroTus ha salido un poco chapuza ¿no? como lo de la web de @TurismoSDR.
¿Lo de poner los buses gratis hasta que se arregle la chapuza no es una opción? ¿los santanderinos son sus coballas?"
1 feb.,Pablo Cantabria,Con el #MetroTUS mucha gente de la periferia que antes llegaba en un único bus al centro ahora tiene que hacer transbordos y esperas. Enhorabuena @gemaigual
1 feb.,Sergio Blanco,Aquí... 20 minutos esperando al autobús que se supone que han puesto cada 15 minutos... enhorabuena #MetroTUS
1 feb.,Pablo Cantabria,Con el #MetroTUS no hay ninguna linea que desde la parada de Casimiro Sainz vaya por el tunel. Porque la linea 6 no hace ya ese recorrudo y la linea central no para en Casimiro Sainz dirección Sardinero (aunque sí dirección Valdecilla). Sinsentido @gemaigual
1 feb.,Elena Díaz,Y que me dices de los intercambiadores NADA protegidos? Acaso vivimos en un sitio donde hace bueno todo el año y no llueve de lado? #MetroTUS #Santander
1 feb.,Elena Díaz,Y esos intercambiadores... que no intercambian nada! A ver si les entra en la cabeza a los “ingenieros” del Ayto que en un intercambiador se cambia el medio de transporte. NO ES UN TRASBORDO #memos #Santander #smartmierda #MetroTUS
1 feb.,Elena Díaz,Nefasto primer día de #MetroTUS llevo 15 minutos esperando al 5 en su cabecera... ni que decir tiene que no funciona ninguna App de información. A tope #Santander #mierda #metrotuscaca
1 feb.,Patricia,Primeras reacciones sobre el #MetroTUS #señorasquejándose #orcoñoras
1 feb.,Manugez,"Ha empezado el caos del #MetroTUS , bus 12 que sale antes de tiempo y nos hace bajarnos por que el 12 que teníamos que haber cogido está detrás"
1 feb.,Tomás Ortiz,Hoy en #Santander se inaugura el #MetroTUS ojo! A las cámaras que llevan los autobuses que ponen multas
1 feb.,Begoña Ubilla,"He cogido el #metrotus a ver qué tal!!!  en Santander, Cantabria https://www.instagram.com/p/BepQKnMgccXNeF-gjdAUCq9RTV5bWy1er4AdPY0/ …"
1 feb.,Anonymous,Intentando comprender la utilidad del #MetroTUS y la nueva configuración de las líneas de bus. #SDR #Santanderpic.twitter.com/Ije6svfS4q
Date,Name,Tweets
2 feb.,Patricia Manrique,"@_CNSV_ @cnsvbesaya A pegarlo por los pueblos, si queremos que sea una huelga también paisana, no sólo «ciudadana». Animaos, que a mí me coge retirado y aquí mucho #MetroTUS cosmopaleto pero las cercanías son, como sabéis, (también) muy deficientes. https://twitter.com/_CNSV_/status/958069827742195714 …"
2 feb.,Anonymous,"Me parece flaman que monten todo este tinglado para empeorar la frecuencia de paso de autobuses en algunos puntos del extrarradio, y obligar a la gente a bajarse en el intercambiador de turno para esperar a esas unidades tan guapas que ahora toca amortizar. #MetroTUS #SDR"
2 feb.,Miguel Cot.,No se puede explicar mejor. #MetroTUS pic.twitter.com/LFKYZRDSRd
2 feb.,Laura Escudero,TAL CUAL #MetroTUS  pic.twitter.com/asOPuQyawW
2 feb.,Pablo Rasines,En lugar de un bus el doble de grande cada 15 minutos pon 2 normales cada 7 para que haya más coincidencias. No hace falta ser ingeniero @gemaigual #MetroTUS #Santander
2 feb.,Pablo Rasines,"45 minutos de Correos a Monte cuando antes eran 20 y sin bajarte. Líneas 9 y 20 pasan seguidas por el intercambiador, si no lo coges, 20 minutos de espera con frío y agua. Terminales sin cubrir... #MetroTUS #Santander @gemaigual"
2 feb.,Rafa Casuso,#MetroTUS #Santander ¿Te gusta este experimento?pic.twitter.com/KmNNtSRh7C
2 feb.,Óscar Manteca García,"#MetroTUS o como @idlserna nos vendió humo a precio de oro, ni funciona mejor ni resuelve problemas, es simplemente la nada más absoluta. Ni hay metro ni hay casi carriles bus ni para en todas las estaciones ni ha dejado a nadie contenta, sí a quien se llevado 7millones €"
2 feb.,Maikeluco,Lo del #MetroTUS nos pareció a todos un esperpento desde que publicaron la #SmartInfografía. Pero yo ardo en deseos de ver a turistas despistaus buscando la boca del metro...
2 feb.,Guillem Ruisánchez,"La alcaldesa vuelve a equivocarse. En respuesta al PSOE sobre el #metroTUS pide paciencia y dice que es pronto para criticar ¿Pronto para quién? No se da cuenta que los tiempos de las protestas los marcan los vecinos, que no llevan bien lecciones de paciencia. #Santander"
2 feb.,PSOE Santander,.@pedro_casares: El #metrotus trae consigo problemas de tráfico y de aparcamientos. Esperamos que su implantación se pueda mejorar @Cantabriaaldia @OIDRadio4G
2 feb.,PSOE Santander,@pedro_casares ya está en directo en  @OIDRadio4G para analizar el #metroTUS y el Debate del Estado de la Ciudad de #Santander. Escúchale en  http://ns100.emisionlocal.com:9428/live pic.twitter.com/STyh0KKhUk
2 feb.,Francisco Díez,"Ayer nos hemos dado cuenta de que llueve en #Santander y de que hay que cubrir las ""terminarles"" del #MetroTus... Nada puede salir bien partiendo de este punto."
2 feb.,Pablo Cantabria,#MetroTUS día dos. Sigo preguntando por qué el 7 no puede ir a la Universidad por el túnel a todas las horas puntas (y volver) tal y como hacia el 3. Me dice señora @gemaigual como se va desde el centro a la Universidad sin tener que dar la vuelta por el Sardinero? No se puede.
2 feb.,Guillem Ruisánchez,"Lectura muy básica del #metroTUS No era lo que necesitaba #Santander pero el PP no sabe hacer nada sin gastar millones en construir cosas innecesarias. Es el  desorden de prioridades, una vez más. Lo que hacía falta es más autobuses (para mejores frecuencias) y más conductores."
2 feb.,Jesús López Brea,"Esta mañana, entre el frío, el agua y la confusión de los santanderinos con el nuevo #MetroTUS he visto a la gente muy alterada (usuarios y conductores)
#calma
Es fácil entender que gran parte de la población no sabe interpretar estos planos de las líneas del TUS y sus cambios.pic.twitter.com/sLdKsmHctC"
2 feb.,eldiariomontanes.es,Así es el centro de operaciones del nuevo #MetroTUS http://www.eldiariomontanes.es/santander/cerebro-metrotus-20180202215158-nt.html …
2 feb.,Elena Rigby,"Si la línea 20 del #metroTUS  pasa cada 30-45 minutos, ¿cómo es posible esto? Las frecuencias siguen quedándose muuuuuy cortas, sobre todo en la periferia. @dmontanes @andresh @GRuisanchez @evasis87pic.twitter.com/Urc2scgajp"
2 feb.,Tomás Ortiz,Vaya despliegue que hace el Diario Montañés del #MetroTUS me recuerda a los del Centro Botín 
2 feb.,Tomás Ortiz,"Sra @gemaigual tiene a media ciudad soliviantada a cuenta del #MetroTUS sobretodo jubilados que son los qye más votan PP en Santander,y a la otra con la peatonalizciòn de http://Cervantes.No  será mejor que deje de enredar para no perder la alcaldía #reflexion"
2 feb.,Anonymous,"El cambio va a llegar en este caso de la mano de la ingeniería miérder. Lo que nadie logró, puede conseguirlo el #MetroTUS."
2 feb.,AndrewPatrick,"La alcaldesa de Santander @gemaigual , respecto a los problemas de #MetroTUS, dice que todos proyectos necesitan una adaptación. Adaptación y claro, un plan de gestión de riesgos y calidad. Esto sin duda lleva a un éxito de proyecto
Ánimo con la gestión de este gran proyecto 
#"
2 feb.,eldiario.esCantabria,"SANTANDER | Igual pide un ""poquito de paciencia"" con el Metro-TUS, en el que ya se solucionan las incidencias #MetroTUS http://www.eldiario.es/_2bde1dc7 pic.twitter.com/PKZwZcfoEG"
2 feb.,Pablo Cantabria,"El problema no es los turistas, que suelen hacer el recorrido centro-sardinero. El problema sobre todo es la gente de la periferia que la han jodido pero bien. Hay que poner quejas, si da mucha pereza en papel, al menos por aquí: http://www.tusantander.es/acerca-tus/buzon-consultas …
#MetroTUS"
2 feb.,Pablo Cantabria,"Os animo a que ante cualquier queja o problema que surja con el nuevo #metrotus pidáis una hoja de reclamaciones al TUS o si eso os resulta engorroso, al menos pongáis la queja en este buzón on-line. Tienen que enterarse de la chapuza que han hecho. http://www.tusantander.es/acerca-tus/buzon-consultas …"
2 feb.,Sr. Carabox,"Visto lo visto evitar el actualizar la guía, quitarlo directamente. #metroTUS #SantanderSmartCity"
2 feb.,gema,"Actualizar las lineas de bus!!! Que ahora tenemos #MetroTUS ! Que como mis pobres esperen a alguna de las lineas que vienen ahí, no pasan del intercambiador. "
2 feb.,Pablo Rasines,La única respuesta que das que ya nos acostumbraremos y pedir paciencia. La gente no se acostumbrará ni tendrá paciencia a invertir el doble de tiempo (a veces más) en ir a trabajar o a sus casas ni a pasar frío porque a los políticos se les antoje @gemaigual #MetroTus #Santander
2 feb.,gema,"@gemaigual una duda respecto al #MetroTUS, si viviendo en peñacastillo, albericia o lluja, pagas con dinero, ya sea porque no tienes saldo en la tarjeta o porque no la tienes, Y en valdecilla tienes que cambiar de linea, porque acaban ahi ¿hay q volver a pagar 1,30€?"
2 feb.,COPE Cantabria,Un día después de la puesta en funcionamiento del #MetroTUS en #Santander el ayuntamiento asegura que las cosas van mucho mejor y se están solucionando pequeñas incidencias.pic.twitter.com/MjmV3jm7wQ
2 feb.,eldiariocantabria,SUCESOS | Herida una pasajera del #TUS tras colisionar el #autobus con un turismo #Trafico #Santander #MetroTUS http://www.eldiariocantabria.es/articulo/cantabria/herida-pasajera-tus-colisionar-autobus-turismo/20180202125534040301.html …
2 feb.,Roberto Martin,No se puede resumir mejor. #MetroTUS #chapuzahttps://twitter.com/GRuisanchez/status/959364258113998848 …
2 feb.,Emmanuel Gimeno,"#metroTUS a veces el diseño bien hecho ayuda a no perderse en una maraña nueva de intercambiadores .
¿Quién ha hecho el diseño de los planos y folletos del #metroTUS ?"
2 feb.,gema,"#MetroTUS  día 2: tengo que volver a cambiar de linea.... La linea 6 pasa antes, vamos a por el 1, a ver si llego bien."
2 feb.,101 cachetadas,"Añadid Cazoña.Nos dejan exactamente igual que antes.Estamos mejor comunicados que Peña, sí, pero en horas punta 7,30 a 8,30 sigue siendo un desastre #MetroTus"
2 feb.,101 cachetadas,Y este es el problema que persiste.En horas punta barrios periféricos misma frecuencia de mierda que siempre #MetroTUS pic.twitter.com/DAeuP2ySWY
2 feb.,Juanma,Comienzan los problemas en la primera carrera del metrotus Santander MC4 Honda. Solo pudo completar 4 vueltas en su estreno. #metrotus #smartsantander #monorrail #sisimonorailesloquenecesitamospic.twitter.com/cWpUhRwJUX
2 feb.,Anonymous,"Soy de Cantabria, he vivido y trabajado durante años en Santander y conozco más o menos bien la ciudad, pero si me dicen que el plano de #MetroTUS es de la ciudad de Nueva York me lo creo a pies juntillas...

@gemaigual"
2 feb.,Anonymous,¿Alguien ha pensado lo que habría pasado si el dinero del #MetroTus se hubiera invertido en aumentar las frecuencias de las líneas existentes? pic.twitter.com/Khu8xPg5DK
2 feb.,Anonymous,"Lo que pensaba @gemaigual que iba a ser el #MetroTus vs. la realidad de #Santander ayer. Mañana sucederá lo mismo. Y pasado,... No son problemas de habituación. Es una concepción errónea de ciudad, jugando con el pan de la gentepic.twitter.com/fBnta9eYNg"
Date,Name,Tweets
3 feb.,José Mario Graña,Con un clima tropical como hay en #Santander la peña pidiendo que los intercambiadores del #metroTUS estén protegidos y resguarden de la lluvia y el frío #vayatela
3 feb.,Manuel Cobo,Joven santanderino asegura haber asistido a la inauguración del Palacio de Festivales tras coger un bus enorme en el intercambiador de Valdecilla. #MetroTUS #SDR #Santander #StrangerThings #BacktotheFuture
3 feb.,Alberto Sanchez,Yo antes tardaba 5 minutos desde el pesquero a la Universidad con la línea 4 y sin transbordo. Ahora tardo 3 horas y media y necesito hacer 4 cambios de bus. #datos #cuñao #metroTUS
3 feb.,MarduK,"El que defienda lo del #metroTUS es por qué no lo tiene que utilizar. A los que lo utilizamos, nos han jodido pero bien."
3 feb.,ChiscoSN,"Las gitanas que reparten romero en el Pilar de Zaragoza, adaptando sus maldiciones a los nuevos tiempos:
""Ojalamén vayas a Santander y tengas que coger el #metroTUS !!"""
3 feb.,eldiario.esCantabria,"SANTANDER | Igual pide un ""poquito de paciencia"" con el Metro-TUS, en el que ya se solucionan las incidencias #MetroTUS http://eldiario.es/_2bde1dc7 pic.twitter.com/l8RwTIpil2"
3 feb.,Emmanuel Gimeno,"Ir en autobús no es para ir de paseo, es para ir sobretodo a trabajar. Las horas punta son complicadisimas Icon el nuevo #metrotus"
3 feb.,Capital del Pijerío,"Lo que sí que igual estamos empezando a echar de menos es al grupo de palmeros defendiendo el #MetroTUS, ¿no?"
3 feb.,Anonymous,"7 millones de euros en habilitar un carril específico para el #metroTUS, hacer dos intercambiadores sin tejado ni cubierta, y poner os buses articulados que te obligan a cambiar de bus si vas más allá del centro de la ciudad."
3 feb.,Capital del Pijerío,De verdad que ya no sabéis qué hacer para criticar el #MetroTUS... https://twitter.com/DiarioCantabria/status/959396289564856324 …
3 feb.,Pilar Vegaa,Y lo de #MetroTUS  por qué se llama así? igual por los túneles que pasa en #santander
3 feb.,Lara Martin,"Ayer, a las 14.40, así estaba la parada del ayuntamiento y así llegó el primer bus después de más de 15 minutos. Igual que cuando lo cogió usted a las 7.15 de la mañana, verdad? @gemaigual #MetroTUS pruebe a cogerlo en hora punta. pic.twitter.com/1ruei66QIX"
3 feb.,Anonymous,He entrado en el horizonte de sucesos que es la línea central del #MetroTUS y al salir de ella me parece haber visto a Matthew McConaughey vestido de astronauta. #STAY #SDR #Santander
3 feb.,Anonymous,"AYUDA, POR FAVOR. #MetroTUS #SDR #Santanderpic.twitter.com/aa6zjIAcVM"
Date,Name,Tweets
4 feb.,Anonymous,"Como se nota que nos sobra el €,esto y el #MetroTus.....#GrandesInversionespic.twitter.com/Gb7Jw91CY4"
Date,Name,Tweets
5 feb.,Anonymous,"El planteamiento era mejorable de raíz y eso se veía desde un primer momento. Al final, es solo un quiero y no puedo que no mejora la circulación de personas a lo largo de la ciudad sino todo lo contrario. Nada más que postura ineficiente, como se veía venir. #MetroTUS"
5 feb.,Ana,#MetroTUS Reunión el viernes 18:30h en el centro cívico de camarreal para afectados del Metro Tus de Peñacastillo
5 feb.,Anonymous,Vamos mal si de verdad piensas que el único problema es la falta de costumbre. #MetroTUS
5 feb.,Lara Martin,pues espero que les pongas coche privado a todos porque como tengan que coger el magnífico #MetroTUS .. 
5 feb.,gema,"Ya no es eso, es que antes utilizabas un autobús y ahora 2, y encima tardas mas tiempo en llegar a tu trabajo.
 Y la línea 2 a primera hora ni abre en jose Maria de cossio... Algo no esta bien en este #MetroTUS @gemaigual"
5 feb.,Ana,#MetroTUS Otro dia mas de perdida de tiempo para ir de Peñacastillo a la universidad. Yo puedo moverme bien. Alguien pensó en los abuelos de San Cándido.@gemaigual
5 feb.,Guillem Ruisánchez,"¿Miedo a restar votos? El PP en el #debateSDR #plenoSDR Motivos tienen: Anulación del PGOU y de la plusvalía, con consecuencias económicas graves. Derrumbe en Sol, incendio del MAS, sanción por contrataciones ilegales, ridículo en la promoción turística, la traca del #MetroTUS... https://twitter.com/gemaigual/status/960456025949327360 …"
5 feb.,Anonymous,"Y un carril específico que realmente afecta a dos kilómetros de los cinco con los que cuenta el trayecto total, no olvidemos. #MetroTUS"
5 feb.,Caperucita muy roja,"Muchos viajes espaciales pero no tienen narices de entender el plano de #MetroTUS. #gemasame, una visionaria.pic.twitter.com/HXNeNzCVdU"
Date,Name,Tweets
6 feb.,Elena Díaz,Otro día en el infierno del #MetroTUS  hoy no funciona ni  la App #atope #metrotuscaca #santander #estonifuncionabien
6 feb.,Ana,He decido q me bajo en Valdecilla y ando. #MetroTUS
6 feb.,Jesica Quintero,Mi primera experiencia en el #MetroTUS ha sido muy mala. En mi recorrido habitual de 10 minutos desde el Ayuntamiento de #Santander hoy he tardado 25... El bus llenísimo y la gente protestando.
6 feb.,Tomás Ortiz,@gemaigual ahora mismo en el intercambiador de valdecilla 60 personas esperando con frío y prisa y enfrente un Bus(LC) o #MetroTUS parado y el conductor leyendo el periódico y los que esperamos acordándonos de usted para mal
Date,Name,Tweets
7 feb.,eldiariocantabria,SANTANDER | @CCOOCantabria exige al Ayuntamiento que “asuma errores” y dé “marcha atrás” con el #MetroTUS http://www.eldiariocantabria.es/articulo/cantabria/ccoo-exige-ayuntamiento-asuma-errores-marcha-atras-metro-tus/20180207211217040552.html …
7 feb.,Anonymous,Mi destino diario. Según la alcaldesa me acostumbraré y veré las ventajas de perder tiempo y pasar frío. #MetroTUS #Santanderpic.twitter.com/Cv1eV1ggfZ
7 feb.,Mesas de Movilidad,#MetroTus @gemaigual estamos totalmente de acuerdohttp://www.eldiario.es/norte/cantabria/ultima-hora/CCOO-Ayuntamiento-errores-marcha-Metro-TUS_0_737726702.html …
7 feb.,peich,"4.Por otra parte,  el funcionamiento NEFASTO, al menos la línea 3. y el intercambiador de Valdecilla ideal para coger una pulmonía. Para esto no es necesario tener carrera. #MetroTUS @gemaigual"
7 feb.,peich,"3-de nada sirvieron mis quejas, tuve que abonar otro billete 1.30€ VERGONZOSO.  @gemaigual  Ya está bien de reírse del ciudadano, no se quien se inventó esta norma, pero seguro que lo gana muy fácil.  #MetroTUS"
7 feb.,peich,"1- Mi experiencia en el  #MetroTUS PENOSA. Llega el autobús  a la parada de El Empalme, Peñacastillo, tras media hora de reloj de espera, saco mi billete, 1,30€, llego a Valdecilla y subo a bordo de otro autobús que me lleve al centro, línea 1,  muestro mi billete al conductor."
7 feb.,gema,En esto de que pierdes la linea 1y 2 porque SIEMPRE pasan a la vez y te toca esperar 15 min #metrotus #mejorandolascomunicaciones 
7 feb.,101 cachetadas,Querida @gemaigual un detallito para las necesarias mejoras del #metroTus: tú crees que con esta frecuencia interesa coger bus para ir al centro? A trabajar eh? No a pasear...#consejito#desdelavergüenza pic.twitter.com/WDr5PDd4fj
Date,Name,Tweets
8 feb.,Guillem Ruisánchez,"Y en la primera semana de funcionamiento del #MetroTus, es de suponer que en tareas de información y sensibilización, la policía va y pone dos multas a taxistas que en principio siguieron las instrucciones del Ayuntamiento. Vaya caos #Santander"
8 feb.,Guillem Ruisánchez,Sobre las multas a los taxistas por parar en el #MetroTUS (que tiene pintado bien grande TAXI) para que se bajen los usuarios. Conviene leer la información que trasladó el equipo de Gobierno del PP a los taxistas el 28/11 (Leer hasta el último párrafo) http://santander.es/noticia/ayuntamiento-explica-taxistas-nueva-red-transporte-del-tus-carril-rapido …pic.twitter.com/Wc3J1DYznx
8 feb.,CiberIsthar,"#MetroTUS #Santander @gemaigual incómodo, mal organizado, rutas repetidas y otras inexistentes... Olé! Otra castaña de esta ciudad!!"
8 feb.,Tomás Ortiz,"La calle alta frente a Lupa el número 52 es una fiesta..camiónes,furgonetas,..y encima la calle muy sucia,todo un caos y policía mirando para otro sitio bueno mirando únicamente al carril del #MetroTus"
8 feb.,Tomás Ortiz,Caro nos va salir el #MetroTus a los santanderinos si hay que seguir haciendo paradas.El MetroTus va ser la tumba política de Equal Gem #salvarlacasadesocorro
8 feb.,eldiariocantabria,SANTANDER | Primeras #multas para los taxistas por parar en el #MetroTUS para dejar pasajeros #taxis @psoesantander @prcsantanderhttp://www.eldiariocantabria.es/articulo/cantabria/primeras-multas-taxistas-parar-metro-tus-dejar-pasajeros/20180208202112040591.html …
8 feb.,Ana,Me dan ganas de comprarme un coche. Esto es desesperante. #MetroTUS
8 feb.,Pablo Rasines,Coincidencias cojonudas cuando aún vamos por Pereda #MetroTus @gemaigualpic.twitter.com/QWZr25EzWT
8 feb.,gema,"@gemaigual  lo que han hecho el proyecto del #metrotus, ¿van en coche siempre, verdad? "
8 feb.,Mesas de Movilidad,El Ayuntamiento de #Santander @SDR_apiedecalle se preocupa de las multas en el #MetroTus #MetroTUSpostureo. #MetroTUSderroche y no se ven policías para sancionar el aparcamiento habitual encima de las aceras @gemaigual  a pesar de las señalespic.twitter.com/BIo5blhDwz
8 feb.,Capital del Pijerío,Otra movida del #MetroTUS... Pero tranquilos que rectificar no van a rectificar. https://twitter.com/dmontanes/status/961540109781913600 …
8 feb.,Mesas de Movilidad,"Interesante artículo en el @eldiarioescan , desde las @movilidad_cant  lo tenemos claro ¡Verdad alcaldesa @gemaigual !  El #MetroTus está siendo un mal experimento y sin un Planteamiento global de #MovilidadSostenible para #Santander http://www.eldiario.es/norte/cantabria/primerapagina/aparcar-va-acabar_6_737786221.html …pic.twitter.com/A0LEVerNpV"
Date,Name,Tweets
9 feb.,Chus Pelayo,"En vez de tirar dinero podían haber comprado más buses para reforzar líneas y mejorar frecuencias, contratar conductores. NO este caos y destrozo de ciudad con mas carriles, más marquesinas, obras absurdas  #MetroTus @gemaigual"
9 feb.,Pablo Cantabria,Experiencias en el #MetroTus : antes se podía ir de la parada de Casimiro Sainz al Palacio de Exposiciones en varias líneas y solo 2 paradas. Ahora ningún bus va de Casimiro Sainz por el túnel y la parada del Palacio de Exposiciones la han eliminado. Gracias @gemaigual
9 feb.,eldiariocantabria,SANTANDRE | El @prcsantander exige a Igual que “arregle el caos que ha generado con el #MetroTUS” http://www.eldiariocantabria.es/articulo/cantabria/prc-exige-igual-arregle-caos-ha-generado-metro-tus/20180209211839040630.html …
9 feb.,El Faradio,"Durante los 2 primeros meses de #MetroTUS , el Ayto tenía previsto que los agentes de Policía y de Movilidad ayudaran a los taxistas a adaptarse a las normas. Primera semana, 2 multas http://www.elfaradio.com/2018/02/09/los-taxistas-multados-siguieron-las-indicaciones-de-uso-del-metro-tus-del-ayuntamiento/ …"
9 feb.,Mesas de Movilidad,Recogida de firmas en contra de los horarios #MetroTus @gemaigualpic.twitter.com/BSYvpqHKvk
9 feb.,Mesas de Movilidad,El ambiente está caldeado en Peñacastillo linea 3 con el #MetroTus @gemaigualpic.twitter.com/jXS3aDWxBj
9 feb.,Mesas de Movilidad,"Miembros de la @movilidad_cant acudirán a la reunión de hoy  viernes, 9 de febrero -18.30 horas en las antiguas Escuelas de Peñacastillo- para escuchar a los vecinos en relación a los perjuicios que se está ocasionando a los usuarios de la línea 3 #MetroTus #MovilidadSosteniblepic.twitter.com/p32bG78H6I"
Date,Name,Tweets
10 feb.,Anonymous,".¿Cómo lleváis el #MetroTus de Santander chavalu@s?  

El MetroTUS de #NewYork MOLA pic.twitter.com/B1q8buteOL"
10 feb.,Mr.Parker.,Para la gente de #Santander y #MetroTUS https://www.change.org/p/ayuntamiento-de-santander-me-han-quitado-la-parada-del-bus-con-la-introducci%C3%B3n-del-metrotus-y-a-ti-b467c8b0-846a-4e41-895e-2b41cf4f2bc9?recruiter=167786819&utm_source=share_petition&utm_medium=facebook&utm_campaign=autopublish&utm_term=autopublish&utm_content=ex58%3Acontrol …
10 feb.,El Faradio,"Durante los 2 primeros meses de #MetroTUS , el Ayto tenía previsto que los agentes de Policía y de Movilidad ayudaran a los taxistas a adaptarse a las normas. Primera semana, 2 multas http://www.elfaradio.com/2018/02/09/los-taxistas-multados-siguieron-las-indicaciones-de-uso-del-metro-tus-del-ayuntamiento/ …"
10 feb.,eldiariocantabria,Más de 200 personas reclaman que los autobuses municipales vuelvan a su horario y trayecto original |@movilidad_cant #MetroTUS http://www.eldiariocantabria.es/articulo/cantabria/mas-200-personas-reclaman-autobuses-vuelvan-horario-trayecto-original/20180210132553040641.html …
10 feb.,Rosa F. Lastra,"Solución a la chapuza del #MetroTus
en #Santander
Firma!
https://www.change.org/p/ayuntamiento-de-santander-me-han-quitado-la-parada-del-bus-con-la-introducci%C3%B3n-del-metrotus-y-a-ti-b467c8b0-846a-4e41-895e-2b41cf4f2bc9?recruiter=552176579&utm_source=share_petition&utm_medium=twitter&utm_campaign=share_twitter_responsive …"
10 feb.,Gema R. Quintana,"Esto es el “plano esquemático” de la nueva red de transporte público en Santander: el #MetroTUS 
Da vergüenza ajena pensar que alguna mente científica de @unican haya diseñado esto. En el Máster de secundaria habríamos suspendido los mapas conceptuales presentando algo como esto"
Date,Name,Tweets
11 feb.,El Faradio,"Durante los 2 primeros meses de #MetroTUS , el Ayto tenía previsto que los agentes de Policía y de Movilidad ayudaran a los taxistas a adaptarse a las normas. Primera semana, 2 multas http://www.elfaradio.com/2018/02/09/los-taxistas-multados-siguieron-las-indicaciones-de-uso-del-metro-tus-del-ayuntamiento/ …"
11 feb.,Ana,Y hoy en mi viaje del bus. Conductores enfadados por tener q cobrar. Por el stress de cumplir horarios. Diez dias y esto no mejora. #MetroTUS
11 feb.,Mesas de Movilidad,La realidad: no hay un proyecto global de #MovilidadSostenible para #Santander #MetroTus como ejemplo. Como decía Noam Chomsky las estrategias de la manipulacion http://www.eldiariomontanes.es/santander/movilidad-transforma-santander-20180211191238-nt.html …pic.twitter.com/49JFt6SoDA
Date,Name,Tweets
12 feb.,Mad Marx,"@MonorailStd uno de los puntos clave del #MetroTUS son, sin duda, esas mastodónticos intercambiadores que en los días de lluvia y viento, muy escasos en Santander como sabéis, sirven de improvisadas duchas. @gemaigual pensando en el ahorro de agua."
12 feb.,UP Cantabria,. @gemaigual  ¿ a quién beneficia tu #MetroTUS ? https://twitter.com/pcecantabria/status/963135066007359492 …
12 feb.,Anonymous,"Más
Acabo de coger el bus en Santander por primera vez desde la implantación del #MetroTUS. Qué locura para ubicarme, pavo. Mi opinión: pic.twitter.com/APOSgpZf8r"
12 feb.,PCE Cantabria,"@pcecantabria y @UJCEcantabria criticamos el despilfarro que supone el #MetroTUS de @gemaigual 
Se olvida de los barrios, centros de trabajo y la universidad 
Trasbordos innecesarios y trayectos más largos
Empobrecimiento del servicio disfrazado de renovaciónpic.twitter.com/pNldS7qzyD"
12 feb.,eldiariocantabria,SANTANDER | Ayuntamiento y asociaciones de vecinos analizarán el funcionamiento del #MetroTUS #Transporte @psoesantander @prcsantanderhttp://www.eldiariocantabria.es/articulo/cantabria/ayuntamiento-asociaciones-vecinos-analizaran-funcionamiento-metro-tus/20180212201253040746.html …
12 feb.,Anonymous,"Por ponernos pejigueros, aquí está mal hasta la dicotomía entre los dos operadores ferroviarios tradicionales; aunque sigamos llamándolos así. Y el logo de FEVE ya lleva años fuera de circulación, como la propia empresa. #MetroTUS #SDRpic.twitter.com/rAH7VlJnUt"
12 feb.,Patricia,"Qué ha pasado hoy con las líneas 1 y 2 en el centro? Siempre pasan a las 14 o 14.05, vale a veces a y 10, no pasa nada pero es que hoy quedaban 25min para que pasaran!!   #MetroTUS"
Date,Name,Tweets
13 feb.,Anonymous,"ME DESORINO CON LO DE ""ANDÉN"" JAJAJAJA #MetroTUS pic.twitter.com/G2K6LCOp1v"
13 feb.,Ana,La culpa de los usuarios que preguntan y ralentizan. #MetroTus
13 feb.,Cántabro Colérico,NO NOS OLVIDAMOS DEL #METROTUS. PERO ESTÁBAMOS ATRAPADOS EN EL INTERCAMBIADOR DE VALDECILLA Y NO HABÍA WIFI SMART
13 feb.,Smart(?) MetroTus,"#MetroTus Traquilo todo el mundo, seguro que os están escuchando y @gemaigual solucionará todos mis problemas. #JAJÁpic.twitter.com/VBbYM4kT0y"
13 feb.,Fría Aguilar,"El Ayuntamiento de Santander contratará, a través de SANTURBAN ""abrazadores"" para que no se pase frío ni soledad durante las esperas en los intercambiadores y paradas de la periferia... #MetroTUS #Metrobushttps://twitter.com/alreplicant/status/961303799406190592 …"
13 feb.,Smart(?) MetroTus,Haced como que nos estamos enterando #MetroTus pic.twitter.com/KequRPMIT1
13 feb.,Anonymous,Mis felicitaciones a @gemaigual que ha logrado exportar el #MetroTUS a Madrid. pic.twitter.com/n2L2npqkrT
13 feb.,Mad Marx,"@SMetrotus vaya, alguien más que es incapaz de ver las infinitas ventajas del nuevo y fabuloso #MetroTUS de la ilustre señora @gemaigual . ¡Saludos!"
13 feb.,Anonymous,"14:30 horas, Ayuntamiento: Línea Central (bus articulado) a media carga. Líneas 1 y 2 autobuses a rebosar. ¿Porque no utilizar los articulados para líneas de larga distancia? #MetroTUS #MetroEstafa"
13 feb.,Javier Trueba,"También nos han enseñado con la idea de que los semáforos se abrirían a su paso, pero esto no es así. Simplemente algunos semáforos se abren unos segundos antes para dar prioridad a la hora de arrancar s los buses @movilidad_cant #tussantander #MetroTUS"
13 feb.,Mesas de Movilidad,http://www.eldiariomontanes.es/santander/ayuntamiento-plantea-retroceder-20180213124106-nt.html … @gemaigual #METROTUS Acción-Reacción #MetroTus La alcaldesa @gemaigual no quiere ruido (elecciones en el 2019)
13 feb.,Mesas de Movilidad,"Acción-Reacción #MetroTus La alcaldesa @gemaigual no quiere ruido (elecciones en el 2019) y ha convocado a las asociaciones de vecinos de #Santander para escuchar sugerencias ¿Y si lo hubiera hecho antes de implantar el #MetroTus. Monte,Cueto, Peñacastillo, Primero Mayo, etc. pic.twitter.com/hoxc2moEI1"
13 feb.,COPE Cantabria,La alcaldesa de Santander @gemaigual asegura que el Equipo de Gobierno no se plantea retroceder ni en el Metro-Tus ni en la reorganización de las líneas de autobuses. Lo que si hará es llevar a cabo algunos ajustes. #MetroTUS #Santander
13 feb.,Smart(?) MetroTus,"Vamos a ir compartiendo opiniones y respuestas al exitazo del #MetroTus de @gemaigual 
¡Mantenganse antentos!"
13 feb.,Ana,Querida alcaldesa¿ También se va a reunir usted con los usuarios de San Candido?Seguro que tienen mucho que decir.#MetroTUS @gemaigual
13 feb.,JJ Ansolena,Por qué se empeñan en destrozar una ciudad tan bonita y pequeña como es #Santander? @gemaigual @idlserna @ppcantabria #MetroTUS 
13 feb.,Ana Arce,¡¡Mirar donde tenemos que esperar!! @idlserna @gemaigual @pedro_casares @eldiarioes #PP #9millonesdeeurostiradosalabasura #MetroTus #Santander #Nospuedepasarcualquiercosa @eldiarioescan @dmontanes #nosmarginaelpppic.twitter.com/87RWknrUDJ
13 feb.,Pablo Fernández,"Recuperar la conexión directa con el centro, sin transbordo, es la única solución. A ello se debe el alto número de reclamaciones @dmontanes #MetroTUS #Santanderpic.twitter.com/gABCrH71Ge"
13 feb.,Francisco Díez,Dicen los terrícolas #santanderinos que es más rápido y rentable tomar un taxi-tus. Comenzamos ya a entender el idioma local. Próximo #MetroTus en 15 minutos... Llevamos 27 en #Monte
13 feb.,MarduK,Qué vuelvan a poner la línea 17 para que llegue a las estaciones porfavor. #MetroTUS
13 feb.,Francisco Díez,"Ya cuando el mapa del #MetroTus se traduce automáticamente al ruso ambos extraterrestres deciden abandonar #Santander a toda velocidad, aunque tuvieron que aparcar el OVNI muy lejos del centropic.twitter.com/z8nHAXSMQP"
13 feb.,Francisco Díez,Al llegar al intercambiador de Valdecilla y ver el mapa del #MetroTus los dos extraterrestres llegan a la conclusión de que la Civilización Santanderina es muy avanzada... Más que la suya! pic.twitter.com/FcuiM23WMA
13 feb.,Francisco Díez,"En el #DíaMundialdelaRadio me molaría hacer otra Guerra de los mundos, pero en #Cantabria y que no vengan a invadirnos sino a subir al #MetroTUS  pic.twitter.com/v1swB5tUfT"
Date,Name,Tweets
14 feb.,El Faradio,La asociación de vecinos de Cueto denuncia que el #MetroTus genera desplazamientos más lentos y que crear ahora grupos de trabajo cuando los propios usuarios aún no han puesto en común sus quejas no tiene sentido http://www.elfaradio.com/2018/02/14/el-ayuntamiento-despacho-las-dudas-de-los-vecinos-de-cueto-sobre-el-metrotus-con-una-visita-al-centro-de-control/ …
14 feb.,Áxaven TDPZ,"- ¿Y qué pasará con los descerebrados?

+ ¡Los contrataremos como empleados!

#MetroTUS pic.twitter.com/3OHZXtaQ3v"
14 feb.,Mad Marx,Un proyecto de siete millones de euros y a nadie se le había ocurrido hasta ahora. Parece que el guión del #MetroTUS lo hubiesen escrito los Monty Python. https://twitter.com/SER_Cantabria/status/963674182285438981 …
14 feb.,Mad Marx,"Es obvio que cualquier tipo de cambio, absolutamente cualquiera, no siempre complace a todos, pero el hecho de que NADIE esté conforme con el despropósito del #MetroTUS debería hacer que la señora @gemaigual le diese como mínimo un par de vueltas."
14 feb.,PSOE Santander,"¡Te escuchamos! Queremos conocer tus ideas, quejas y sugerencias sobre el #metroTUS en #Santander

Te esperamos mañana, a las 18h, en la sede del PSOE en la calle Bonifaz. ¡Ven, tu opinión nos importa!pic.twitter.com/0WTF0A5EdS"
14 feb.,Anonymous,"Y bien?? #metroTUS @gemaigual 
Incidencias, quejas, polémicas, los intercambiadores un desastre, trasbordos absurdos que con las lineas anteriores eran innecedarios, barrios incomunicados o malcomunicados, el centro con mas tráfico.. poco más que añadir, Santander no te reconozcopic.twitter.com/37SJ7Mg7j8"
14 feb.,peich,@gemaigual #MetroTUS  VERGONZOSO y no se ponen ni colorados
14 feb.,Partido Absentista,El #MetroTus de Santander.
14 feb.,Anonymous,"El Ayuntamiento de Santander de @GemaIgual, siempre de espaldas a nuestra propia realidad, descubre ahora que en Cantabria llueve y se necesitan protecciones en los asubiaderos del 'smartísimo' #MetroTUS. #Bochornopic.twitter.com/1PWIibXx6n"
14 feb.,Francisco,"@walter_garcia_ Una vergüenza lo del #Metrotus una vergüenza y un saca cuartos, están más a chupar la pasta al ciudadano que lo rentable que va a ser. Una bazofia"
14 feb.,Smart(?) MetroTus,#MetroTUS ¿Sabéis si @gemaigual es Batman?pic.twitter.com/YQxpw1dVdT
14 feb.,Ana,Linea 3 frecuencia 15 minutos mas  tiempo de espera q ofertan 5 minutos. Total 20 minutos. Que tiempo he ganado? #MetroTus
14 feb.,WEGA,Dos semanas después de entrar en servicio se dan cuenta de que en Santander llueve y hace frío y las paradas de autobus necesitan mamparas    #MetroTUS https://twitter.com/ser_cantabria/status/963674182285438981 …
14 feb.,Agustín Ibáñez,"Todo lo relacionado con el mal llamado #MetroTUS de #Santander me parece una auténtica vergüenza. ¿Habrá responsabilidades de algún tipo, o tampoco esta vez?.https://twitter.com/SER_Cantabria/status/963674182285438981 …"
14 feb.,Pablo Fernández,"Los errores del #MetroTUS: transbordo, poca frecuencia de autobuses en la periferia, cambio de ubicación de las paradas, un carril prohibido para los coches y menos aparcamientos #Santander @dmontaneshttp://www.eldiariomontanes.es/santander/mejorado-empeorado-20180214225549-nt.html …"
14 feb.,CaraPizza,"#MetroTUS vaya cagada, cada día da + coraje la mierda d planteamiento q habéis hecho la línea #17 la habéis jodido m gustaría ver a los universitarios q sobr papel han hecho la mierda d diseño d sta absoluta mierda d servicio s d broma lo q habéis hecho sn contar cn ls ciudadanos"
14 feb.,Miguel Cot.,"Igual hay que empezar a poner el foco también en los ""expertos de la Universidad"". 
-quienes son
-cuánto han cobrado por el desastre de proyecto..
#MetroTus"
14 feb.,Santanderapiedecalle,"Los vecinos de diferentes zonas de Santander constatan que, lejos de mejorar, la implantación MetroTUS ha empeorado la situación de muchos de los barrios de la ciudad. @dmontanes #metroTUS #Santander
http://www.eldiariomontanes.es/santander/mejorado-empeorado-20180214225549-nt.html …"
Date,Name,Tweets
15 feb.,Anonymous,"¡DEJA DE INVENTAR!  La falta de información, de participación, y de todo es vuestra, como todos los problemas de la ciudad. #MetroTUS
http://www.eldiariocantabria.es/articulo/cantabria/igual-afirma-causas-retraso-metro-tus-es-desconocimiento-usuarios/20180215174612040854.amp.html?__twitter_impression=true …"
15 feb.,Santanderapiedecalle,"La alcaldesa de Santander, Gema Igual, culpa a los vecinos de Santander de los problemas del metroTUS... @DiarioCantabria
#metroTUS
http://www.eldiariocantabria.es/articulo/cantabria/igual-afirma-causas-retraso-metro-tus-es-desconocimiento-usuarios/20180215174612040854.html …"
15 feb.,JMP," Hoy nos hemos reunido con los vecinos de #Santander para escuchar de primera mano los problemas e inconvenientes que está causando el #MetroTus 
¿ No has podido venir pero quieres contarnos algo? 
Hazlo aquí con el HT #escuchamosTUSproblemashttps://twitter.com/psoesantander/status/964201746926133248 …"
15 feb.,carlos,https://twitter.com/Mongolear/status/963839466304622592 …  pues nada @GradonaMalditos tendrá que ir a el intercambiador del #metrotus
15 feb.,PSOE Santander,Es impropio de un responsable público decir lo que ha dicho hoy la Alcaldesa. A los ciudadanos no hay que enseñarles ni acostumbrarles a usar bien el #metroTUS como piensa ella. Lo que hay que hacer es escucharles e informarles ¡Es vergonzoso! pic.twitter.com/0ww5RegFyf
15 feb.,Pedro Casares,Esta tarde analizando con vecinos la implantación del #metroTUS. El PP no se ha tomado enserio ni abordar una estrategia global de movilidad ni apostar por el transporte público en #Santanderpic.twitter.com/A7fy91oFnH
15 feb.,PSOE Santander,".@pedro_casares: El #metroTUS no mejora las frecuencias, no mejora la conexión con los barrios periféricos y hoy es el día que los santanderinos tardan mucho más que hace un mes para realizar el mismo recorrido #EscuchamosTUSproblemaspic.twitter.com/pg1IOeGNn4"
15 feb.,Mesas de Movilidad,"Vecinos de Monte #MetroTus ""Que se deje la línea 18 como estaba"" ""Salir y llegar a Puertochico"" ""No tiene sentido el cambio a Valdecilla"" @gemaigual  escuchaaaaa @ConcejoAbiertoSpic.twitter.com/kuB4Gi4vXl"
15 feb.,Mesas de Movilidad,Gran número de vecinos en Monte #MetroTus @gemaigual descontentos con muchas críticas @ConcejoAbiertoS . Ambiente caliente muchas quejaspic.twitter.com/gX734Yt4CZ
15 feb.,PSOE Santander,"Encuentro informativo con los vecinos de #Santander para analizar la implementación del #metroTUS en #Santander
#EscuchamosTUSproblemaspic.twitter.com/G5Hw8EXC0M"
15 feb.,El Faradio,La asociación de vecinos de Cueto denuncia que el #MetroTus genera desplazamientos más lentos y que crear ahora grupos de trabajo cuando los propios usuarios aún no han puesto en común sus quejas no tiene sentido http://www.elfaradio.com/2018/02/14/el-ayuntamiento-despacho-las-dudas-de-los-vecinos-de-cueto-sobre-el-metrotus-con-una-visita-al-centro-de-control/ …
15 feb.,Mario Brigido,"#metroTUS un proyecto lleno de improvisaciones, que lleva ya gastados más de 7 millones en obras. pic.twitter.com/ELu2U8NdVK"
15 feb.,Mesas de Movilidad,El #Metrotus tampoco  gusta a los vecinos de Monte @gemaigual @ConcejoAbiertoS @elfaradiopic.twitter.com/S0O4cOGXjB
15 feb.,José Mario Graña,Se palpa mucho descontento en las paradas de autobús de #Santander #MetroTus pic.twitter.com/SUODkdoU70
15 feb.,José Mario Graña,Un cocido lebaniego en un lugar emblemático de #Santander #MetroTus pic.twitter.com/f8M62C35Xa
15 feb.,Smart(?) MetroTus,"Reunión de vecinos de MONTE, hoy jueves a las 19:30, para discutir, opinar y trasladar quejas sobre el #MetroTUS pic.twitter.com/rWn6OhlztY"
15 feb.,Smart(?) MetroTus,#MetroTUS  Malas personas nivel: https://twitter.com/ManuelCoboJD/status/959067321414422533 …
Date,Name,Tweets
16 feb.,Stvsantander,@gemaigual Una retirada a tiempo es una victoria. Se que reconocer el gran fallo es un fortísimo golpe para el @PPopular pero mejor que continuar con esto #MetroTUS
16 feb.,Stvsantander,¿Alguien me puede explicar en que beneficia este absurdo? @gemaigual vas a hacer ganar al PSOE SOLO TU #MetroTUS
16 feb.,Mon,"Joder adonde me han llevado las quejas del #MetroTus 
Estoy abrazando el comunismo Hulio 
No te lo perdonaré jamás, Gemma. https://twitter.com/UJCEcantabria/status/963142386950995968 …"
16 feb.,CantabriaDeCerca," @OlaCantabria quiere hacer llegar las quejas sobre el #MetroTUS al Ayuntamiento de Santander. 

Denuncia que tras la implantación del METROTUS en #Santander, la mayoría de los vecinos se han visto perjudicados en sus desplazamientos por la ciudad.

https://noalmetrotusensantander.wordpress.com pic.twitter.com/D6glVvpfyk"
16 feb.,Sr. Carabox,Recuerda aficionado del @CD_Izarra . No cojas el servicio de autobuses #MetroTUS si quieres llegar a tiempo al encuentro
16 feb.,Rosana,Ahora con el #metrotus ya tienen bastante...
16 feb.,Mesas de Movilidad,"#GamonalMetroTus Gamonal pasó de ser un barrio de Burgos a un símbolo de la lucha ciudadana ¿Os suena esta historia?, ocurrió a 160 kms de aquí y hay muchas coincidencias  con el #MetroTus @gemaigual @ConcejoAbiertoS @ArenalesAAVV #Peñacastillo #Monte #Cueto @fecav_santanderpic.twitter.com/WKvBdKVzpL"
16 feb.,Fría Aguilar,"El Consejo de Estudiantes de la Universidad de Cantabria impulsa una plataforma de protesta contra el Metro Tus y llama a la movilización. #MetroTUS Ya han conseguido cabrear a todo el mundo!

http://www.cantabria24horas.com/noticias/el-consejo-de-estudiantes-llama-a-la-movilizacin-por-el-metrotus-y-la-ldquoactitud-autoritaria-del-ayuntamientoquot/70769 …"
16 feb.,Onda Cero Cantabria," Las nuevas críticas al #MetroTUS y cómo celebra la comunidad china la entrada en el Año del Perro, protagonistas en #CantabriaenlaOnda con @jbarberos y @maria_go1http://www.ondacero.es/emisoras/cantabria/audios-podcast/cantabria-en-la-onda/cantabria-en-la-onda-16022016_201802165a86d6d10cf2af57a8fee6d3.html …"
16 feb.,Raúl Lastra,Si usaras el #MetroTus llegarías a tu destino en 3 minutos y 26 segundos pic.twitter.com/z0aVIgTBEh
16 feb.,Mon,"No des ideas al @gmpsantander 
Que le encargan un estudio a la Universidad a lo #MetroTUS y acaban gastandose un par de millones de euros para empeorar el problema.
Lo de mandar ahí en hora punta a los agentes de movilidad que ya pagamos, no te preocupes, no se les ocurrirá."
16 feb.,Delia FB,Mi opinión sobre el caos de los buses en Santander? Querer una red para una ciudad tamaño Tokio en una ciudad de provincias. Y de las escaleras mecánicas mejor no hablamos  #metroTUS #Smartcity
16 feb.,Smart(?) MetroTus,El Ayuntamiento hace oidos sordos: Las vecinas de Peñacastillo mantendrán las protestas. #MetroTUS http://www.eldiariomontanes.es/santander/penacastillo-mantendra-protestas-20180216225259-ntvo_amp.html?__twitter_impression=true …
16 feb.,Smart(?) MetroTus,-Lo que pasa es que sois unos inútiles y no sabeis coger buses.  #MetroTUS pic.twitter.com/sfEgsm8GJD
16 feb.,Beatriz,"No la entiendo, @gemaigual, ¿a qué nos habremos acostumbrado en 15 días? A pasar frío?, ¿A trasbordos innecesarios?, ¿A pagar dos billetes?...
#MetroTus #Santander @1976agus @SMetrotus @Postureo_CANT @MediasVerdesRRC @Willytrueba @cantabriartehttp://www.eldiariomontanes.es/santander/gema-igual-pequena-20180201131204-nt.html …"
16 feb.,Anonymous,"El PP de Santander sigue con su pesadilla Orwelliana. Coger 2 autobuses es igual a 1 autobús. Y si te quejas eres tonto, arcaico o negativo. #MetroTus #Santander"
16 feb.,Beatriz,"Manda huevos!! Ahora resulta que la de los 'conocimientos de magisterio', @gemaigual, llama 'ignorantes' a los que pagamos su ocurrencia #MetroTUS
#Santander @MediasVerdesRRC @Rino6966 @1976agus @SMetrotus
http://www.eldiariocantabria.es/articulo/cantabria/igual-afirma-causas-retraso-metro-tus-es-desconocimiento-usuarios/20180215174612040854.html&utm_source=social&utm_medium=twitter&utm_campaign=share_button … vía @eldiariocantabria.es"
16 feb.,Mimi Portu,"Pues los que según ella no nos enteramos, somos los que tenemos que pagar la factura de los 7 millones de € #MetroTus #Santander #LaGranEstafahttps://twitter.com/euroberri/status/964404548709228546 …"
16 feb.,Teiba FM," https://www.ivoox.com/23819832  #ElPrimerCafé #16Febrero 
#MetroTUS y vialidad invernal con @CCOOCantabria 
Planes hidráulicos con @ugtcantabria 
#actualidad #política #sindical en #Santander y #Cantabria pic.twitter.com/3UwBaUMZYo"
16 feb.,PSOE Santander,.@fergodani en la tertulia de @elfaradio: “Creemos que antes de invertir 7 millones en un carril de #metroTUS hubiera sido mejor tener más conductores y autobuses para mejorar frecuencias” @ArcoFMCantabria 
16 feb.,Raquel Pascual Antón,Después de 15 días con el #MetroTUS en #Santander sigue/aumenta la desinformación y el descontento. ¿Es mucho pedir que los conductores conozcan su ruta? #TUS
16 feb.,Smart(?) MetroTus,"Pues la alcaldesa @gemaigual echa la culpa a los vecinos por el fracaso del #MetroTUS 
Tiene la cara de hormigón armao.  http://www.eldiariocantabria.es/articulo/cantabria/igual-afirma-causas-retraso-metro-tus-es-desconocimiento-usuarios/20180215174612040854.amp.html?__twitter_impression=true …"
16 feb.,Anonymous,"A ver si atendéis. Que dice Equal Gem que si esto no funciona del todo bien es PORQUE NO PONÉIS DE VUESTRA PARTE, COJONES. HOSTIA YA. http://www.eldiariocantabria.es/articulo/cantabria/igual-afirma-causas-retraso-metro-tus-es-desconocimiento-usuarios/20180215174612040854.html … #MetroTUS #SDR #Santander pic.twitter.com/ecAn3HQOBU"
Date,Name,Tweets
17 feb.,Pepulegu,"#MetroTus Consejo vital: si algo funciona no lo toques. El TUS no era una maravilla pero funcionaba, ahora parece que la única salida es echarle la culpa a otro pic.twitter.com/UXQvuJnutC"
17 feb.,Alberto Sanchez,Gema Same estaría orgullosa de la maravillosa iluminación LED que adorna Barcelona. #fullHD #4K #calidaddeimagen #metroTUS pic.twitter.com/NfzEtwISzV
17 feb.,Oscar,"No es mucho pedir q en el desarrollo del PMUS, participen más empresas q @GIST_UNICAN y ACProyectos, al menos la participación y el criterio de otros técnicos enriqueceria el proyecto, por no hablar de la ética en el gasto de dinero público. @gemaigual @movilidad_cant #MetroTUS"
17 feb.,Sr. Carabox,coge alguna escalera mecánica..... #Santander #SmartCity #MetroTUS
17 feb.,CiberIsthar,"#MetroTUS #Santander @gemaigual me puedes explicar cómo llego a mi casa en los osos desde el centro sin tener que coger dos buses, esperar 40 minutos al 6 y mojarme como si fuera andando??? pic.twitter.com/x36ignk10p"
17 feb.,Mesas de Movilidad,"¿Los vecinos no te han hablado de #MetroTus @gemaigual o únicamente estabas rodeada de tu corte de adeptos? No te preocupes, lo harán @fecav_santander @ConcejoAbiertoS @CEUCunican"
17 feb.,Pablo Cantabria,"Señora @gemaigual creo que el #MetroTus va a ser su final político. La gente mayor está muy enfadada, en poco más de un año hay elecciones y creo que usted sabe bien en que franjas de edad tiene a la mayoría de votantes. Siga así que está apunto de conseguirlo."
17 feb.,Smart(?) MetroTus,"""Queremos la Línea 6"".

Las vecinas de Monte exigen soluciones. #MetroTUS pic.twitter.com/sRyXuEgd4I"
17 feb.,Miguel de la Sierra,Es evidente que @gemaigual nunca usa el autobús en #Santander Es casi imposible llegar a los barrios. Qué vergüenza el #MetroTUS
17 feb.,Emmanuel Gimeno,No somos números por @pgomeznadal #cueto #monte #barrios contra el #metrotus #bus #tus o como queráis llamarlohttp://m.eldiario.es/norte/cantabria/ultima-hora/numeros_0_741225906.html …
17 feb.,David R. Santayana,Es necesario articular una respuesta ante el Ayuntamiento y convocar movilizaciones conjuntamente #MetroTUS pic.twitter.com/3mUEZCuHzi
17 feb.,RobeTuTo,#metrotus ? No se puede hacer proyectos que en vez de ilusionar a los ciudadanos dejan sensacion de retroceso pic.twitter.com/KbSgg75zMB
17 feb.,Oscar,En algunas no hay ni marquesinas. Como las de los interurbanos en San Fernando o Valdecilla Sur. #MetroTUS @gemaigual @EvaDiazTezanos @movilidad_cant
17 feb.,Oscar,"¿Cuantos contratos más se merece el dpto de Ibeas? Vendeis un estudio de la Universidad cuando la fuente de conocimiento es sólo un dpto de la misma, q además se basa en un modelo de encuestas para emular un sistema real, ni se aproxima. @gemaigual @movilidad_cant #MetroTUS"
17 feb.,gema,Mejor en #metrotaxi que en el #MetroTUS 
Date,Name,Tweets
18 feb.,Raúl Lastra,De ideólogo del #MetroTUS !!
18 feb.,Bertinguer,Luego dicen que los exagerados son los vascos. Llámarle a esto metro causa carcajadas a los foráneos . https://es.m.wikipedia.org/wiki/Metro_(sistema_de_transporte)?wprov=sfti1 … #metroTUS
18 feb.,Bertinguer,Aparcamiento para cientos de motos en sin usar en un lugar que no es útil para motos y al que al haber una señal de entrada prohibida tampoco se puede acceder. Otra buena idea de @gemaigual imagino que en breve estará lleno porque nadie quiere usar la basura del #metrotus pic.twitter.com/BVgRU5kzuh
18 feb.,Bertinguer,"En la foto la excelentísima señora alcaldesa elegida por todos los santanderinos @gemaigual , nos muestra con las manos el tamaño de la mierda que han diseñado #metroTUS"
18 feb.,Sonia Racinguista,Plagio. Eso es el plano del #MetroTUS
18 feb.,Raúl Lastra,"Otro domingo más, al fútbol en el #MetroTUS . Yeah! pic.twitter.com/oFJ8jy31Z5"
18 feb.,El Faradio,La asociación de vecinos de Cueto denuncia que el #MetroTus genera desplazamientos más lentos y que crear grupos de trabajo cuando los propios usuarios aún no han puesto en común sus quejas no tiene sentido http://www.elfaradio.com/2018/02/14/el-ayuntamiento-despacho-las-dudas-de-los-vecinos-de-cueto-sobre-el-metrotus-con-una-visita-al-centro-de-control/ …
18 feb.,Anonymous,"Eso será si el #metroTUS llega a tiempo, ¿no? pic.twitter.com/BPIrv0IxKd"
18 feb.,Gerardo,"Qué suerte tenemos los vecinos de Peñacastillo. Nos marginan con el #MetroTUS, pero a cambio nos organizan bonitas pruebas ciclistas q te dejan 15 minutos parado en una retención @gemaigual"
18 feb.,Carlos Sopeña,"Me cuentan que un pasajero del bus municipal de Santander le hinchó ayer las pelotas de tal manera al conductor que éste se plantó en la Alameda Segunda. Ojo, que lo que están aguantando los trabajadores estos días, con la cagada del #MetroTus, no es ni medio normal."
18 feb.,museando,"No es cuestión de acostumbrarse al metrobus,  es que no funciona!!!!!#metrotus @gemaigual"
18 feb.,museando,"El Nuevo servicio de autobuses ha perjudicado a la parada Barrio de la Torre, necesitamos más autobuses, más recorridos y menores tiempos de espera, el tener que hacer ahora trasbordo ha perjudicado enormemente #metrotus @gemaigual"
18 feb.,museando,"Desde el Barrio de la Torre necesitamos autobuses que conecten con el centro por los puentes, hay dos puentes y ningún autobús va por ellos, inexplicable!!!!#metrotus @gemaigual"
Date,Name,Tweets
19 feb.,Rosana,Tengo una amiga q vive en la zona de Peñacastillo y me ha contado lo q tarda el #metroTUS  y he flipado!! Recogiendo firmas estaba...espero la sirva de algo
19 feb.,Mundo Burbu,"Si te subes por la puerta de atrás de este autobús y te bajas por la de delante, ya has recorrido medio Santander 
#MetroTUS
#NosSobraElDinero
7 millooooneeess de euuuurooospic.twitter.com/7z2U45rYYe"
19 feb.,Mesas de Movilidad,"Hoy reunión @movilidad_cant con dos temas, resultado de la reunión con Ignacio Quirós del Ayto. de Santander en la que nos dio plantón @gemaigual y como no podía ser plan de acción sobre el #MetroTus para la reunión de @CEUCunican próximo jueves 19:00  Edificio Inter. c/ Sevillapic.twitter.com/UxrqpDtsSi"
19 feb.,El Faradio,"La oposición y las asociaciones vecinales se reunirán este martes, antes del #plenosdr del jueves, para hablar sobre el #MetroTus http://www.elfaradio.com/2018/02/19/la-oposicion-pide-al-ayuntamiento-que-paralice-y-de-marcha-atras-con-el-proyecto-metro-tus/ …"
19 feb.,Mundo Burbu,"A mi lo más divertido de todo es que a la línea de autobuses de Santander la llamen #MetroTUS cuando en Santander no hay metro. 

Somos más gallos que los vascos!"
19 feb.,eldiario.esCantabria,"SANTANDER | La oposición municipal reclama la ""paralización"" del proyecto Metro-TUS #movilidad #MetroTus http://www.eldiario.es/_2c38e4ff pic.twitter.com/5tsqQtjaHK"
19 feb.,Anonymous,"Venga, vamos a comprar más autobuses articulados para que siga entrando en ellos la misma gente que antes gracias a todos aquellos que se quedan apelotonados en la parte delantera dejando semivacía la de atrás. #MetroTUS"
19 feb.,UP Cantabria,Atiende y aprende @gemaigual @gmpsantander #metroTUS #Esquemadelburrohttps://twitter.com/magulegu/status/964957380822929408 …
19 feb.,Dani Fdez Gomez,"Estamos hartos de errores, equivocaciones e improvisaciones con las que el PP perjudica a #Santander. Este jueves en #plenosdr pediremos que den marcha atrás al #metroTUS http://www.psc-psoe.es/noticias/agrupaciones/santander/psoe-y-prc-piden-la-paralizacion-del-proyecto-metro-tus …"
Date,Name,Tweets
20 feb.,PSOE Santander,#Santander está en contra del #metrotus. Con este sistema del PP ni se han mejorado las frecuencias de líneas ni las conexiones con los barrios. Hoy hemos hablado de ello con las asociaciones de vecinos en la sede de @fecav_santanderpic.twitter.com/f7IubPCTg8
20 feb.,Pedro Casares,Esta tarde compartiendo con las asociaciones de vecinos y los grupos municipales la preocupación por el caos generado por el #metroTUS. Es incomprensible la sinrazón del PP que ni escucha ni atiende el problema. #Santander merece unos gobernantes preocupados por los santanderinospic.twitter.com/OoCiGLFrT2
20 feb.,Mesas de Movilidad,"#MetroTus la @unican @apazoscarro no es una empresa, Ángel Ibeas debería dedicarse a formar profesionales o jubilarse . Ayto. #Santander @gemaigual basta de convenios de ese tipohttp://www.elfaradio.com/2018/02/20/el-grupo-de-transportes-de-la-uc-recibio-145-200-euros-del-ayuntamiento-para-el-estudio-del-metrotus/ …"
20 feb.,Pedro Casares,"Los santanderinos estamos indignados. Calle a calle, barrio a barrio, el #metroTUS ha perjudicado la forma de movernos por #Santander 

¡Qué den marcha atrás!https://twitter.com/psoesantander/status/966024318781153280 …"
20 feb.,PSOE Santander,Ahora en la asamblea de @fecav_santander con las asociaciones de vecinos compartiendo el rechazo al #metroTUS pero también escuchamos reivindicaciones de los taxistas. ¡Deben poder usar carril #metroTUS sin problema! @manuandoni @FCantaxi http://www.psc-psoe.es/noticias/notas-de-prensa--actualidad/el-psoe-apoya-las-reivindicaciones-de-los-taxistastras-la-implantacion-del-metro-tus …
20 feb.,PSOE Santander,.@pedro_casares interviene en la asamblea con asociaciones de vecinos que ha organizado @fecav_santander: La Alcaldesa no ha escuchado a nadie y ahora le sorprende que nadie quiera el #metroTUS pic.twitter.com/TYUC7QzcY8
20 feb.,eldiariocantabria,SANTANDER | El #metroTUS de 7 millones de euros pende de un hilo ante la presión popular #autobus #Transportehttp://www.eldiariocantabria.es/articulo/cantabria/presion-popular-hace-metro-tus-7-millones-euros-penda-hilo/20180220193814041051.html …
20 feb.,Onda Cero Cantabria, #CantabriaenlaOnda con @jbarberos y @maria_go1 en el que comenzamos hablando del #MetroTUS y de @CantabriaAjehttp://www.ondacero.es/emisoras/cantabria/audios-podcast/cantabria-en-la-onda/cantabria-en-la-onda-20022018_201802205a8c1e870cf21ea6a394efa2.html …
20 feb.,Oscar,"Hasta ahora han ido acertando cn la movilidad vertical y peatonalización, cn matices ya q se han olvidado de los itinerarios ciclistas y de los P&R. Q decir de la pobre calidad de implantación de las circulación ciclista y ya cn el #metroTUS han demostrado q esto les viene grande"
20 feb.,Pedro Casares,"Apoyamos todas las reivindicaciones de los taxistas, como hemos trasladado a @manuandoni, presidente de @FCantaxi  El #metroTUS solo ha generado más problemas a la movilidad en #Santanderpic.twitter.com/rGKttBI31T"
20 feb.,Smart(?) MetroTus,Juego: Adivina el final de esta historia #MetroTUS https://twitter.com/alvariteus/status/965911943138639872 …
20 feb.,Susana,Cuenta la mitología cántabra que un día una persona utilizó uno de esos aparatos caros del #MetroTus pic.twitter.com/KiXldHLxwl
20 feb.,Andrés Hermosa,"La Unión de Consumidores lamenta que las multas ""sean lo que mejor funciona"" en este sistema en el que debieron ""participar usuarios y colectivos"". http://www.eldiario.es/_2c3e3b6f  #MetroTUS"
20 feb.,Andrés Hermosa,"CCOO afirma que ""el sistema no funciona (...) porque tal y como denunciamos, ni se consultó con la plantilla ni con los vecinos"" y considera ""que es hora de que el Ayuntamiento dé marcha atrás"". #MetroTUS"
20 feb.,Andrés Hermosa,"Los trabajadores del Metro-TUS, desbordados: ""Los problemas van a ir a más y no vamos a poder con la gente"" http://www.eldiario.es/_2c3e3b6f  #MetroTUS pic.twitter.com/rs4Y3ffZgm"
20 feb.,Francisco Díez,"Era todo tan cuqui en el paraíso digital...
#Santander #MetroTUS pic.twitter.com/kLv6sumVML"
20 feb.,Francisco Díez,"No hace falta que @norcoreano lance sus misiles sobre #Santander, nos autodestruimos solos con el #MetroTUS"
20 feb.,Miguel Cot.,"145.200 € por ""liarla pardísima""..
#MetroTus https://twitter.com/elfaradio/status/965910264108535808 …"
20 feb.,Anonymous,"Si me cuadra bien la línea 20 voy a intentar volver a casa haciendo 20-trasbordo intercambiador Sardinero-Línea Central (#MetroTUS) para comprobar a ver si está justificada tanta queja por los tiempos de espera en los trasbordos.

Ojalá me cuadre porque tengo ganas de probarlo "
20 feb.,Anonymous,"El coche de los agentes de ""movilidad"" parado en el principio del tramo de carril bus de Calvo Sotelo, sentido Pereda, para evitar elegantemente que el autobús pueda acceder. Todo muy lógico.
#MetroTUS"
20 feb.,Bertinguer,La alcaldesa @gemaigual de Santander abre la puerta al rediseño de algunas líneas del MetroTUS debe de tener el oído muy fino si es que ha escuchado alabanzas del #metroTUS http://www.eldiariomontanes.es/santander/alcaldesa-santander-abre-20180220184948-nt.html …
20 feb.,Jorge Carriles Villa,"Que siga el circo
#metroTUS https://twitter.com/SER_Cantabria/status/965958702619615232 …"
20 feb.,eldiario.esCantabria,"Los trabajadores del Metro-TUS, desbordados: ""Los problemas van a ir a más y no vamos a poder con la gente"" http://eldiario.es/_2c3e3b6f  
Por @RubnAlonso #MetroTUS pic.twitter.com/1Ur2bXoHMx"
20 feb.,El Faradio,"La oposición y las asociaciones vecinales se reunirán este martes, antes del #plenosdr del jueves, para hablar sobre el #MetroTus http://www.elfaradio.com/2018/02/19/la-oposicion-pide-al-ayuntamiento-que-paralice-y-de-marcha-atras-con-el-proyecto-metro-tus/ …"
20 feb.,Anonymous,Cuál es la línea que te acerca a la facultad de magisterio? #MetroTUS
20 feb.,Agustín Ibáñez,En el Apocalipsis de @StephenKing las autovías eran bloqueadas por vehículos abandonados. En Santander seremos atacados por autobuses descontrolados #MetroTUS
20 feb.,Bertinguer,"No tenéis paciencia! En solo unos meses una escalera mecánica llegará a casa de cada santanderino haciendo más  innecesario el #MetroTUS, así podrán personalizar hasta la A8."
20 feb.,Bertinguer,"El 17 vacío. Nadie quiere tener que hacer transbordo en el #MetroTUS . En ALSA deben estar encantados, sus autobuses van llenos. Se ve que los ciudadanos si sabemos coger los autobuses, pero no los que @gemaigual nos ha impuesto. pic.twitter.com/bRWvT035Hb"
20 feb.,museando,"7 millones de euros para el Metrotus, que ha perjudicado el servicio de transporte con autobuses enormes y medio vacíos en lugar de poner microbuses que disminuyan tiempos de espera. Folletos tirados de Fitur,.... Qué se está haciendo con la gestión pública!!!!!! #MetroTUS"
20 feb.,Mimi Portu,"Sabemos lo que necesitamos, el #PP de #Santander es el que no sabe escuchar.  #NoSomosTontos #MetroTus #Tushttps://twitter.com/SDR_apiedecalle/status/965880161500585984 …"
20 feb.,CCOO Cantabria,"Lo que sin consulta empieza, mal caba #metroTUS #Santander @FSCCantabriahttp://bit.ly/2sIhHvy "
20 feb.,Anonymous,"Si con el #metroTUS es difícil y con las cercanías, #Renfe #Feve, complicado imaginad la combinación de ambos."
20 feb.,Miguel de la Sierra,¿Quién va a seguir la pista del dinero en este caso? @gemaigual ha gastado 7 millones en el #metroTUS de #Santander http://www.eldiario.es/_2c38e4ff  vía @eldiarioescan #followthemoney
Date,Name,Tweets
21 feb.,Anonymous,"Oh, se ha dado cuenta de que pedir paciencia y culpar a los usuarios por no saberse el recorrido de las nuevas líneas no soluciona ningún problema. ¿¿PERO CÓMO E POCHIBLE?? #MetroTUS #SDR #Santander"
21 feb.,Anonymous,"La LC acaba de descargar los 2 únicos pasajeros que iban dentro en el Ayuntamiento y de aquí al Intercambiador Valdecilla va vacío.
Y de día tampoco es que vaya mucha gente.
¿Por qué no poner los buses articulados en las líneas 1 y 2 que es donde hacen falta? #MetroTUS @gemaigualpic.twitter.com/YaA0CutpK6"
21 feb.,David R. Santayana,"La Alcaldesa justifica el #metrotus en que la ciudad va a crecer por la periféria ¿Crecer?¿Una ciudad con la población en caída libre,como advierte el ICANE y cada ves más envejecida? Siguen con su PGOU de un Santander del ladrillazo y una previsión ficticia de 250.000 habitantes"
21 feb.,UP Cantabria,"Hay que tomarse las cosas con humor y reirse de las ""Charlotadas"" de este ayuntamiento. @gemaigual mañana #plenosdr  y mañana reiremos más. #MetroTUS http://eldiariomontanoso.es/138-peatones-multados-santander-invadir-carril-bus-sin-permiso-municipal/ …"
21 feb.,El Faradio,.@fecav_santander plantea la posibilidad de convocar una manifestación el 3 de marzo en la Plaza del Ayuntamiento para pedir una marcha atrás del #MetroTus http://www.elfaradio.com/2018/02/20/los-afectados-por-el-metrotus-se-organizaran-en-una-plataforma/ …
21 feb.,Delia FB,Me parece que el bus va s toda mecha por paseo Pereda...no sé si rozando la infracción #MetroTus #Santander #SmartCity
21 feb.,CCOO Cantabria,"""A todos y a todos a la vez"" Los vecinos y vecinas de #Santander ya no juegan a la estrategia de divide y vencerás de @gemaigual #MetroTUS http://bit.ly/2CzQdrC "
21 feb.,Mesas de Movilidad,#MetroTus #GamonalTus esto no se arregla con una tirita @gemaigual La ciudadanía de #Santander sabe organizarse y tendrás que cambiar bastantes aspectos de tu #MetroTus La marea social está en marcha y organizada @ConcejoAbiertoS @fecav_santander @ArenalesAAVV @SDR_apiedecallepic.twitter.com/GWhxp0IcER
21 feb.,Manuel Cobo,¿Cómo es posible? ¿Qué ha podido pasar? La alcaldesa se ha montado en un bus articulado y le ha dicho a su Gema Igual de hace un mes que consulte a los santanderinos. #Viajeseneltiempo #DaysofFuturePast #MetroTUS #SDRhttp://www.eldiariomontanes.es/santander/alcaldesa-santander-abre-20180220184948-nt.html …
21 feb.,Lydia Alegría,"Ayer en la @fecav_santander se respiro un ambiente de unión y colaboración para defender un mejor transporte público. Espero que este jueves salga del Interfacultativo una mayor unión y una alternativa al #MetroTus respaldada por las vecinas.

http://www.eldiariomontanes.es/santander/asociaciones-vecinales-proponen-20180221230346-ntvo.html …"
21 feb.,PSOE Santander,"La oposición, los vecinos, los usuarios, taxistas, trabajadores del #TUS. Todos tenemos que hacer frente común para parar este despropósito llamado #metroTUS. Lo cuenta hoy @dmontanes @pedro_casares http://www.eldiariomontanes.es/santander/asociaciones-vecinales-proponen-20180221230346-ntvo.html …"
21 feb.,Ana,"Dos mñns seguidas. Llego al intercambiador desde Peñacastillo,11 minutos de espera ayer,9 hoy. #MetroTUS"
21 feb.,Bertinguer,Que manera de tirar dinero ha sido el #metroTUS . Volverá a salir el PP marginando a la periferia. Eso si los impuestos al nivel de gran ciudad . Que mi IBI y mi vado municipal bien que me lo cobran. Igual que si viviera en Hernán Cortés.
21 feb.,Pablo Cantabria,@gemaigual creo que aun no eres consciente de en el jardín que te has metido con el #MetroTUS http://www.elfaradio.com/2018/02/20/los-afectados-por-el-metrotus-se-organizaran-en-una-plataforma/ …
21 feb.,Álvaro Rodríguez,Dato:  8:50 am. Autobús nº7 dirección a la Universidad: Lleno hasta la bandera. Autobús articulado de la línea Central. 10 personas #MetroTUS
21 feb.,Anonymous,¿Estamos ante otro sesudo planteamiento como el del #METROTUS de #Santander?
21 feb.,SER Cantabria,"El Ayuntamiento de #Santander, más cerca de aceptar su fracaso con el #MetroTUS. http://cadenaser.com/emisora/2018/02/20/radio_santander/1519136914_702160.html …"
Date,Name,Tweets
22 feb.,Ana Arce,¡Es vergonzoso lo que estáis haciendo a los ciudadanos de #Santander !! #MetroTUS @gemaigual @idlserna @marianorajoy @PPopular #pp Pasamos frío y cogemos resfriados.
22 feb.,El Faradio,"La alcaldesa reconoce que hay errores que corregir, pero también dice que sus esfuerzos se centrarán en ""informar a la gente"" 
#MetroTus http://www.elfaradio.com/2018/02/22/gema-igual-no-vamos-a-paralizar-el-metrotus/ …"
22 feb.,Pepulegu,"#metrotus smart o silly city ? Las conexiones de los barrios como Monte, Cueto, Peñacastillo han empeorado, el sistema de trasbordos y los maxiautobuses es el ejemplo de un small brain. Smart city es apostar por la movilidad para tod@s pic.twitter.com/hb9Y0HOkA4"
22 feb.,JMP,"Esta mañana nuestro SG y portavoz  @pedro_casares ha vuelto a llevar la voz de los vecinos de #Santander al pleno del ayuntamiento y por la tarde reunión de ejecutiva para seguir aportando ideas. #BrechaSalarial #metroTUS
Aquí debajo dejo un resumen 
https://twitter.com/i/moments/966783817024458753 …"
22 feb.,PSOE Santander,"@pedro_casares: Si el PP hubiera dialogado con todos antes de poner en marcha el #metrotus muchos problemas no se habrían generado porque se habrían corregido antes de generarlos al escuchar a usuarios, vecinos, trabajadores...  @PTVCantabriapic.twitter.com/PqzrQxO69Q"
22 feb.,Guillem Ruisánchez,"La primera ópera cántabra no podía tener un título mejor #SilenciosyExcusas Silencios sobre los debates reales: envejecimiento, pérdida de población, atonía, clientelismo. Excusas en la gestión: #MetroTUS, España no paga, etc. #Santander #Cantabriahttp://www.elfaradio.com/2018/02/20/silencios-y-excusas-la-primera-opera-creada-por-un-cantabro-se-estrena-en-el-palacio-de-festivales/ …"
22 feb.,PSOE Santander,"@pedro_casares en @PTVCantabria: “El problema del #metrotus no se arregla con ajustes, se arregla cambiando el sistema y que todos los santanderinos puedan llegar al centro sin transbordos” pic.twitter.com/PZlo9Wo4wG"
22 feb.,PSOE Santander,"@pedro_casares: ¿No parece razonable que la alcaldesa se reuniera antes de poner en marcha el #metrotus con usuarios, vecinos, trabajadores, partidos y expertos para ver cómo ponerlo en marcha y no después, cuando ya es todo un caos? pic.twitter.com/Jf9tFR8zrp"
22 feb.,Ana,"Un dia mas llego de Peñacastillo al intercambiador, si quiero coger  la linea central 10 minutos de espera. Y que no me termino de acostumbrar. #MetroTUS"
22 feb.,eldiario.esCantabria,SANTANDER | El apoyo de González permite a PP continuar con el #MetroTUS y no paralizarlo como pedía la oposición http://www.eldiario.es/_2c48ebf4 pic.twitter.com/OtaZnChm5F
22 feb.,Andrés Hermosa,"Las únicas palabras de David González para justificar su postura sobre este modelo de transporte han sido: ""No estoy de acuerdo en su paralización"". #MetroTUS
http://www.eldiario.es/norte/cantabria/ultima-hora/Gonzalez-PP-continuar-Metro-TUS-paralizarlo_0_742976500.html …"
22 feb.,Miguel Saro,"Los interlocutores los elegirá Quirós entre los afines de las AAVV, claro. Es hora de echar a estos mangantes #MetroTUS"
22 feb.,Miguel Saro,El concejal del PP ha negado la legitimidad para convocar reuniones  sobre el #MetroTUS del @CEUCunican ¡... porque está politizado!
22 feb.,Lydia Alegría,"El concejal de movilidad y @gemaigual han dicho que no van a dar un paso atrás con el #MetroTUS . Dicen escuchar a la ciudadanía, pero hacen lo contrario de lo que los vecinos y vecinas llevan reclamando semanas. Concepto de ""participación ciudadana"" del PP. #plenosdr"
22 feb.,prcsantander,El PP y el concejal ex de Ciudadanos votan en contra de paralizar el #MetroTUS.  #Plenosdr
22 feb.,Pedro Casares,"El PP pierde hoy la oportunidad de demostrar que quiere escuchar de verdad a los santanderinos, corregir los errores, paralizando y dando marcha atrás al #metroTUS. Pierden la ocasión de parar este despropósito  #plenosdrpic.twitter.com/GmnkunE0mr"
22 feb.,Pedro Casares,"Desde Lluja a San Román, de Peñacastillo a Monte, pasando por Cueto, Campogiro, el centro urbano,  Cazoña o Marqués de la Hermida, todos los vecinos de todos los barrios se han visto perjudicados por el #metroTUS #plenosdrpic.twitter.com/b9KhLpHOYL"
22 feb.,prcsantander,"Acaba de decir el concejal de Movilidad que ""ahora no hay atascos"". #MetroTUS"
22 feb.,Yolanda Garcia,Buscando soluciones para mejorar el #metroTUS @gemaigual @gmpsantander @ppcantabria #Santander https://twitter.com/gmpsantander/status/966670493259530242 …
22 feb.,prcsantander,"Fuentes-Pila afirma que es una ""exigencia vecinal que paren ya"" #MetroTUS #Plenosdr"
22 feb.,Anonymous,Casi todos los días me meto en hashtag #MetroTUS para reírme un rato.
22 feb.,Ana López,La solución a este desaguisado es dejar las líneas como estaban y aumentar frecuencia de paso y horario hasta las doce PM cada día. #MetroTUS
22 feb.,museando,"No me puedo acostumbrar a tardar desde el centro de Santander hasta la parada del Barrio de la Torre, el doble de tiempo que antes!!!!.Antes ya era malo el servicio de autobuses en mi zona, pero ahora es tercermundista #metrotus"
22 feb.,museando,"Hoy para ir del Paseo Pereda a la parada de Barrio de la Torre 45 minutos. Cuando llegué con el LC al intercambiador del Sardinero, el autobús de la línea 20; se marchó sin esperar 5 segundos  a que nos subiéramos los viajeros que íbamos del LC al 20, desastre!! #metrotus"
22 feb.,museando,"No puedo comprender cómo se puede ir con la prepotencia de no vamos a replantear el Metrotus, entonces cómo se puede mejorar la situación!!!!. Hay que explicar a alguien lo que es una negociación y cómo llegar a acuerdos #metrotus"
22 feb.,eldiario.esCantabria,"Las únicas palabras de David González para justificar su postura sobre este modelo de transporte han sido: ""No estoy de acuerdo en su paralización"". #MetroTUS http://www.eldiario.es/_2c48ebf4 "
22 feb.,eldiario.esCantabria,"""No vamos a parar el Metro-TUS y no es verdad que hayamos tirado siete millones de euros"", dice la alcaldesa ante las duras críticas de la oposición. #MetroTUS"
22 feb.,Miguel Saro,Se debate la moción de @IUsantander para paralizar el #MetroTUS y negociar con los vecinos pic.twitter.com/HAHhPQjeRh
22 feb.,SER Cantabria,#Santander refuerza la plantilla de conductores para intentar reducir el impacto de los problemas generados por el #MetroTUS. http://cadenaser.com/emisora/2018/02/22/radio_santander/1519284119_497980.html?ssm=tw … via @SER_Cantabria
Date,Name,Tweets
23 feb.,Anonymous,"Creo que habría menos quejas sobre el #MetroTUS si le gente se leyera los horarios y frecuencias que había antes. Me he topado con gente que dice que antes las líneas eran de una forma que no eran e iban a sitios que no iban.
Calm down, mucha gente no está ni pensando por rabia."
23 feb.,BeconBdeBea,@gemaigual  21:30 y el carril izquierdo de la calle Castilla casi inhabilitado por 14 coches aparcados en el... así funciona SmartSantander cuando no nos quitan un carril por un asco de #MetroTUS es por los coches eso si en verano en el Camello se hinchan a multar...
23 feb.,Francisco Díez,Oremos todos por el #MetroTUS 
23 feb.,El Faradio,"La alcaldesa reconoce que hay errores que corregir y que es necesario ""informar a la gente"", mientras el concejal Quirós acusa a la oposición de torpedear el 
#MetroTus http://www.elfaradio.com/2018/02/22/gema-igual-no-vamos-a-paralizar-el-metrotus/ …"
23 feb.,Mesas de Movilidad,"Ahora en el  digital del @dmontanes @gemaigual  .Mañana los ciudadanos/as de #Santander desayunaremos con la noticia, + #MetroTUS hasta que rectifiques y hagas las cosas bien y de forma participativa ¿Sabes cómo andan los càmbaros? http://www.eldiariomontanes.es/santander/veinte-asociaciones-vecinales-20180223141848-nt.html …"
23 feb.,eldiariocantabria,"SANTANDER | Vecinos, estudiantes y otros colectivos afectados crean una para protestar contra el #MetroTUS @psoesantander @prcsantander @ugtcantabria #Transporte #autobushttp://www.eldiariocantabria.es/articulo/cantabria/vecinos-estudiantes-otros-colectivos-afectados-crean-protestar-metro-tus/20180223192747041190.html …"
23 feb.,Pedro Casares,La sinrazón de la alcaldesa no conoce límites... Antepone su orgullo a reconocer el error cometido y escuchar las quejas y protestas de los santanderinos por los problemas que produce el #metroTUS!! http://www.psc-psoe.es/noticias/agrupaciones/santander/el-psoe-lamenta-que-la-alcaldesa-haga-prevalecer-su-orgullo-a-escuchar-a-los-santanderinos-sobre-el- …
23 feb.,Pedro Casares,"No puede ser que todos los vecinos de #Santander, desde Cueto a San Román o Peñacastillo estén equivocados. No será el PP quien está equivocado con las ventajas del #metroTUS? http://www.eldiario.es/norte/cantabria/ultima-hora/Igual-marcha-Metro-TUS-seguir-sillon_0_743326062.html …"
23 feb.,Pepulegu,#metroTUS rectificación ya! pic.twitter.com/UD7EZrw1pz
23 feb.,PSOE Santander,.@pedro_casares pide a Gema Igual que no anteponga su orgullo a los intereses de los santanderinos y pare el despropósito del #metroTUS http://www.psc-psoe.es/noticias/agrupaciones/santander/el-psoe-lamenta-que-la-alcaldesa-haga-prevalecer-su-orgullo-a-escuchar-a-los-santanderinos-sobre-el- …
23 feb.,PSOE Santander,Ayer el PP demostró en #plenosdr que su orgullo es más importante que escuchar a los santanderinos que no quieren el #metrotus http://www.eldiariomontanes.es/santander/apoya-david-gonzalez-20180222183214-nt.html …
23 feb.,Andrés Hermosa,"Igual no dará marcha atrás en algo que cree ""bueno"" como el #MetroTUS http://www.eldiario.es/norte/cantabria/ultima-hora/Igual-marcha-Metro-TUS-seguir-sillon_0_743326062.html …"
23 feb.,Noelia,"Tengo que coger dos autobuses para ir al centro de Santander con el nuevo metrotus, o caminar lloviendo la mundial para coger una línea que sí me deje de un viaje en el centro teniendo una parada saliendo del portal. No, no vivo en Cuenca, vivo en cazoña. #MetroTUS"
23 feb.,Anonymous,En qué #MetroTUS fueron?
23 feb.,Anonymous,Quién será el que pilló cacho con el #metrotus?
23 feb.,Mabel Ojeda,"Escuchar a la ciudadanía ya si eso...
#MetroTus
#Santanderhttps://twitter.com/ALERTAeldiario/status/966984774727471105 …"
23 feb.,Miguel Saro,"El apoyo de González permite a PP continuar con el #MetroTUS y no paralizarlo como pedía la oposición. En un momento en que los padres de la ""criatura"" empiezan a repudiar al hijo, el PP llama ""inmovilistas"" a quienes lo critican http://www.eldiario.es/_2c48ebf4 "
23 feb.,Pablo Cantabria,¿Cuánto os apostáis a que el tránsfuga David González va en las próximas elecciones en las listas del PP? #metroTUS http://santander.es/ayuntamiento/gobierno-municipal/corporacion-municipal/david-gonzalez-diaz …
23 feb.,Yolan R.,En una ciudad tan pequeña no tiene sentido tantos transbordos. Y por tiempo gasto más en llegar a mis destinos habituales. No quiero pensar como será en verano #MetroTUS
23 feb.,Pablo Cantabria,"Para el @dmontanes cuando Revilla sacó los presupuestos apoyándose en Carrancio éste era un ""tránsfuga"", pero cuando la señora @gemaigual salva el #MetroTUS haciendo lo mismo ya no es un ""tránsfuga"", es un ""exCiudadanos"". Menudo nivelazo de imparcialidad. http://www.eldiariomontanes.es/santander/apoya-david-gonzalez-20180222183214-nt.html …"
23 feb.,Pablo Cantabria,"Esta ciudad tiene un problema de movilidad norte-sur (por su orografía) que el #MetroTUS no ha solucionado, al contrario. Incluso lo ha empeorado. Y la queja de esta ciudadana es perfectamente comprensible. ""Si encima de hacer transbordos tengo luego que andar pues vaya plan"""
23 feb.,Anonymous,"Y no quiero decir que el #MetroTUS funcione bien en estos momentos, porque hasta que no exista una coordinación de llegadas y salidas entre la Línea Central y las líneas periféricas jamás va a funcionar, pero en serio, a muchos santanderinos se os está yendo la olla un montón."
23 feb.,raul serrano oceja,"No, error, ha ido para poner un intercambiador en la Alberi, que no te enteras, #MetroTUS es nuestra salvación, es la luz."
23 feb.,Jorge Carriles Villa,"Lo único que queremos son las líneas como estaban, vivimos en Santander no en Nueva York para tener que hacer transbordo.
PD: Cuando se va a la oposición no va hay coche oficial #MetroTus."
23 feb.,Maxi de la Peña,¿Cuánta publicidad traducida en euros mete el Ayuntamiento de Santander en el DM? Nos cuenta Blancanieves y los 7 enanitos de esa cosa llamada #MetroTus
23 feb.,Oscar,"Esta es la parada de los interurbanos. Destinos como Astillero, Camargo, Hospital de Liencres sin información de horarios ni distintivo de parada. Acabo de perder el bus, menos mal q no llueve. @movilidad_cant @gemaigual @RevillaMiguelA @EvaDiazTezanos #MetroTUS pic.twitter.com/wM7SanxUAM"
23 feb.,Oscar Allende,"Tampoco es que el #metrotus necesita mucha ayuda externa para ir mal. Se basta x sí sólo. Es fascinante como en la ciudad en la que siempre han gobernado unos, la culpa de lo que va mal acaba siendo siempre de la oposición https://twitter.com/elfaradio/status/966919048788398080 …"
23 feb.,Anonymous,"7.12 am Linea 2 #Tus #MetroTus #Santander @SDR_apiedecalle nuevamente llega con retraso, llegamos tarde a trabajar, pero si eso fuera poco, los buses van a muy baja velocidad, porque? No hay nadie en la carretera y tienen su propio carril. @gemaigual"
23 feb.,Anonymous,"Y no solo con el #MetroTUS, del mismo modo que en esta ciudad llevamos años viendo cómo cada vez es más horrible circular, no podemos actuar como si peatonalizando los ciudadanos automáticamente sean capaces de prescindir del vehículo que hasta entonces utilizaban. @GIST_UNICAN"
23 feb.,Anonymous,"Algui€n sí ha ganado con €l #MetroTUS: Empieza por U y acaba por C.
Hoy, avergonzado de salir de una universidad con estos ""expertos"", que han destrozado la movilidad de la ciudad a base de peatonalizaciones y ahora un sistema de transporte mal hecho. http://www.elfaradio.com/2018/02/20/el-grupo-de-transportes-de-la-uc-recibio-145-200-euros-del-ayuntamiento-para-el-estudio-del-metrotus/ …"
